under,205091
jordan,37261
over,24260
pack,20416
downshifter,14384
below,9357
pice,2604
mmtc,2224
strobe,2103
fixer,1977
nimbus,1938
vomero,1856
sambalpuri,1647
chaniya,1421
malabar,1344
google,1309
virat,1274
modi,1249
macho,1075
bazar,1046
nayra,1037
inddus,1035
coolers,949
kohli,942
lipliner,727
mandir,723
xpdtn,685
avaa,621
idli,554
zebronics,554
cloudfoam,552
rapido,544
sunrisers,532
victori,524
neerus,514
lacto,456
chura,451
jaden,436
dairy,424
claura,420
coca,393
nestasia,379
calamine,364
tricycle,358
haru,356
arabian,351
chip,318
illuminator,317
masala,315
khushal,310
mike,296
ubtan,287
truman,269
dharwad,225
popcat,209
ghee,208
cheap,202
pagdi,195
striker,194
pigeon,189
emma,183
above,176
milenio,174
facemask,166
tracer,152
isro,148
kalakari,147
indiclub,132
monkstory,127
dora,127
girly,124
qazmi,117
plug,116
doublecourt,116
marco,112
aminu,109
faber,109
disk,108
keto,104
manga,104
mean,102
profoam,101
debut,100
appe,94
morni,93
bobs,89
morphy,87
meyer,84
peake,80
kiaasa,79
voltaic,77
virasat,76
legal,76
student,76
blackpink,75
amukti,74
icecream,73
flexfocus,71
xylys,71
franco,70
faso,69
electrify,68
griper,66
lubricant,63
fuzor,61
primo,60
thermo,60
abhishti,59
tinyo,59
xplrboost,59
muzigae,57
limestone,57
rickie,55
skinfood,53
generic,52
kylie,52
runtamed,50
trans,49
karagiri,48
movie,47
banderas,46
abrupt,46
guilty,44
triveni,44
ellis,43
lice,42
frypan,41
castell,41
dynamica,40
vinay,40
zams,39
noun,39
squishy,39
betty,38
zoya,37
mansion,35
colossal,35
dhahab,35
earmuffs,34
savi,34
bistro,33
colin,33
chris,33
canoe,32
catalog,32
rattiman,32
wishing,32
jawline,31
hairclips,31
shap,30
bharat,29
poodle,28
bambi,27
tsuyosa,26
whistle,26
mela,25
bittu,24
notification,24
essences,23
panch,23
swisni,23
kraasa,23
easies,22
sizzler,22
bitz,22
akhand,22
biotic,22
mizyaan,22
wilson,22
squash,22
geroo,21
crawl,21
melatonin,21
battu,20
mesmerize,19
alley,19
dazzel,19
ekana,19
terquois,19
mcfarlane,18
furious,17
cayman,17
magnesium,17
starwars,17
sapper,17
hawk,16
etiquette,16
xptdn,16
ohuhu,16
vaste,16
infuser,16
magnifying,16
auserio,16
maybe,16
modestouze,15
firangi,15
femora,15
arhat,15
stylee,15
stake,15
tread,15
leapers,15
dogtag,14
inara,14
academia,14
pointer,14
puella,14
danger,14
fillers,14
rajgharana,14
carving,14
speedportal,14
autopress,14
gracit,14
windrunner,13
denmark,13
faiza,13
fivesleev,13
strop,13
cultured,13
roja,13
kulfi,13
vijay,12
volvo,12
jordans,0
