token,freq
downshifter,14384
mmtc,2224
strobe,2103
vomero,1856
sambalpuri,1647
chaniya,1421
google,1309
virat,1274
modi,1249
macho,1075
bazar,1046
nayra,1037
inddus,1035
coolers,949
kohli,942
lipliner,727
mandir,723
xpdtn,685
avaa,621
idli,554
zebronics,554
cloudfoam,552
rapido,544
sunrisers,532
victori,524
neerus,514
chura,451
jaden,436
claura,420
nestasia,379
haru,356
masala,315
khushal,310
ubtan,287
truman,269
dharwad,225
popcat,209
pagdi,195
milenio,174
facemask,166
isro,148
kalakari,147
indiclub,132
monkstory,127
qazmi,117
doublecourt,116
faber,109
aminu,109
profoam,101
appe,94
morni,93
bobs,89
morphy,87
meyer,84
peake,80
kiaasa,79
virasat,76
blackpink,75
amukti,74
icecream,73
flexfocus,71
xylys,71
faso,69
fuzor,61
primo,60
tinyo,59
abhishti,59
xplrboost,59
muzigae,57
rickie,55
skinfood,53
kylie,52
runtamed,50
trans,49
karagiri,48
banderas,46
triveni,44
ellis,43
lice,42
castell,41
frypan,41
dynamica,40
vinay,40
zams,39
zoya,37
dhahab,35
savi,34
earmuffs,34
catalog,32
rattiman,32
jawline,31
hairclips,31
bharat,29
bambi,27
tsuyosa,26
bittu,24
swisni,23
panch,23
kraasa,23
essences,23
bitz,22
mizyaan,22
sizzler,22
akhand,22
easies,22
melatonin,21
geroo,21
battu,20
ekana,19
dazzel,19
terquois,19
mcfarlane,18
starwars,17
vaste,16
magnifying,16
ohuhu,16
xptdn,16
auserio,16
stylee,15
firangi,15
modestouze,15
leapers,15
speedportal,14
fillers,14
gracit,14
inara,14
puella,14
autopress,14
rajgharana,14
dogtag,14
academia,14
roja,13
windrunner,13
kulfi,13
faiza,13
fivesleev,13
volvo,12
jordans,0
