query,freq,token
nike downshifter,4189,downshifter
nike downshifter 13,3964,downshifter
downshifter 13,1161,downshifter
strobe cream,1121,strobe
chaniya choli,1050,chaniya
mmtc,943,mmtc
downshifter,754,downshifter
coolers,743,coolers
nike downshifter 13 shoes,712,downshifter
inddus,695,inddus
modi jacket,667,modi
nike downshifter 12,657,downshifter
nike vomero,646,vomero
google,636,google
dnmx xpdtn,618,xpdtn
avaa,572,avaa
meena bazar,549,bazar
lipliner,443,lipliner
moda rapido,425,rapido
mandir,416,mandir
macho,411,macho
neerus,395,neerus
nestasia,348,nestasia
sambalpuri saree,343,sambalpuri
faces canada strobe cream,327,strobe
adidas cloudfoam,322,cloudfoam
virat kohli,290,virat
virat kohli,290,kohli
claura,277,claura
vomero,272,vomero
idli maker,267,idli
nike downshifter 13 men,252,downshifter
zebronics,247,zebronics
modi coat,241,modi
virat kohli jersey,239,virat
virat kohli jersey,239,kohli
fur jaden,232,jaden
mmtc pamp,231,mmtc
alan truman,229,truman
sambalpuri kurti,228,sambalpuri
chura,215,chura
nike victori,214,victori
nike downshifter shoes,213,downshifter
nike downshifter 11,211,downshifter
mmtc gold coin,209,mmtc
downshifter 13 nike,208,downshifter
nike vomero 18,205,vomero
amul macho,204,macho
khushal k,202,khushal
macho underwear,197,macho
masala box,196,masala
mmtc gold,188,mmtc
sunrisers hyderabad,179,sunrisers
facemask,166,facemask
downshifter 12,165,downshifter
pooja mandir,162,mandir
nike downshifter 13 running shoes,162,downshifter
nike victori one,156,victori
sambalpuri dress,156,sambalpuri
vomero 17,153,vomero
pagdi,152,pagdi
nike vomero 17,149,vomero
sambalpuri,148,sambalpuri
sunrisers,135,sunrisers
strobe,134,strobe
nayra cut,133,nayra
nayra suit,132,nayra
puma milenio,132,milenio
meena bazar saree,130,bazar
nike downshifter men,130,downshifter
mars lipliner,129,lipliner
mac strobe cream,126,strobe
nayra cut kurti,121,nayra
inddus kurta set,121,inddus
indiclub,119,indiclub
google pixel,118,google
nayra kurti,118,nayra
puma doublecourt,116,doublecourt
monkstory,112,monkstory
idli cooker,112,idli
dharwad,109,dharwad
aminu,109,aminu
puma popcat,108,popcat
cloudfoam,106,cloudfoam
bridal chura,105,chura
downshifter 13 shoes,103,downshifter
isro,102,isro
virat,97,virat
chura set,97,chura
gold coin mmtc,96,mmtc
air coolers,95,coolers
mmtc silver,95,mmtc
meena bazar dress material,94,bazar
sunrisers hyderabad jersey,94,sunrisers
chaniya choli for women,93,chaniya
jaipur morni,93,morni
nike downshifter 13 shoes for men,92,downshifter
nayra cut suit,91,nayra
sambalpuri cotton saree,90,sambalpuri
qazmi,87,qazmi
nike downshifter 13 for men,87,downshifter
swiss beauty lipliner,86,lipliner
nike downshifter 13 shoe,86,downshifter
meyer,84,meyer
nike vomero 5,83,vomero
google for men,83,google
kiaasa,79,kiaasa
virat jersey,78,virat
indian virasat,76,virasat
blackpink,75,blackpink
vomero 18,75,vomero
idli,75,idli
mmtc gold coins,75,mmtc
amukti,74,amukti
mac strobe,72,strobe
zebronics headphones,72,zebronics
downshifter nike,72,downshifter
sunrisers jersey,70,sunrisers
sambalpuri dress material,70,sambalpuri
mamaearth ubtan face wash,69,ubtan
fur jaden bag,69,jaden
faso,69,faso
sambalpuri kurta,67,sambalpuri
haru haru,67,haru
idli stand,67,idli
puma profoam,67,profoam
haru haru,67,haru
haru haru,67,haru
haru haru,67,haru
modi jackets,66,modi
google for women,66,google
downshifter 13 nike shoes,62,downshifter
liberty coolers,61,coolers
khushal,60,khushal
indo primo,60,primo
fur jaden bags,59,jaden
abhishti,59,abhishti
nike men downshifter 13,57,downshifter
nike downshifter 13 shoes men,57,downshifter
puja mandir,56,mandir
virat kohli tshirt,56,kohli
virat kohli tshirt,56,virat
nike shoes downshifter,55,downshifter
virat kohli t shirt,54,virat
claura dress,54,claura
virat kohli t shirt,54,kohli
nike zoom vomero,54,vomero
mmtc silver coin,53,mmtc
nike downshifter 14,53,downshifter
nike downshifter for men,53,downshifter
skinfood,53,skinfood
dharwad sarees,53,dharwad
sambalpuri shirt,52,sambalpuri
sambalpuri pata saree,52,sambalpuri
skechers bobs,50,bobs
puma runtamed,50,runtamed
puma popcat 20,50,popcat
nike men downshifter,49,downshifter
avaa kurtas for women,49,avaa
nike zoom vomero 5,49,vomero
trans,49,trans
khushal k kurta set,48,khushal
faces canada strobe,47,strobe
antonio banderas,46,banderas
modi,46,modi
nike victori one slides,45,victori
asics fuzor b,45,fuzor
mmtc pamp gold coin,45,mmtc
facescanada strobe cream,45,strobe
nike downshifter shoes for men,45,downshifter
nike downshifter 13 men shoes,45,downshifter
puma flexfocus,44,flexfocus
claura dresses,44,claura
mamaearth ubtan,43,ubtan
mandir for home,43,mandir
xylys,43,xylys
zebronics speaker,43,zebronics
appe pan,43,appe
vomero 5,43,vomero
nike victori slides,43,victori
fur jaden backpack,43,jaden
asics gel peake,42,peake
nike shoes downshifter 13,42,downshifter
mamaearth ubtan facewash,42,ubtan
downshifter 11,42,downshifter
lice comb,42,lice
faber castell,41,castell
sambalpuri sarees,41,sambalpuri
faber castell,41,faber
frypan,41,frypan
nike downshifter women,41,downshifter
alan truman blow brush,40,truman
zams,39,zams
tinyo,39,tinyo
mmtc pamp silver,39,mmtc
rcb jersey virat kohli,38,virat
virat kohli kurta,38,kohli
rcb jersey virat kohli,38,kohli
masala,38,masala
chaniya,38,chaniya
meena bazar suits,38,bazar
appe maker,38,appe
xplrboost,38,xplrboost
nayra cut kurta,38,nayra
asics gel peake 2,38,peake
virat kohli kurta,38,virat
nayra cut dress,37,nayra
zoya,37,zoya
nayra sut,37,nayra
meena bazar suit,37,bazar
icecream,37,icecream
swimming google,37,google
navratri chaniya choli,37,chaniya
virat kohli rcb jersey,36,virat
virat kohli rcb jersey,36,kohli
kalakari dress,36,kalakari
google pixel 8a,36,google
chaniya choli for girls,36,chaniya
sambalpuri sarees for women,36,sambalpuri
puma rickie,36,rickie
rcb virat,36,virat
rcb virat kohli jersey,36,kohli
rcb virat kohli jersey,36,virat
faber castle,35,faber
nike downshifter 13 running shoes for men,35,downshifter
muzigae mansion,35,muzigae
inddus kurta,35,inddus
nybae strobe cream,35,strobe
ubtan face wash,35,ubtan
nike downshifter 12 men,34,downshifter
gold mmtc,34,mmtc
dharwad saree,34,dharwad
savi,34,savi
masala dabba,34,masala
earmuffs,34,earmuffs
puma popcat slides,34,popcat
modi coat for men,34,modi
nayra cut kurta set,34,nayra
nayra kurta,33,nayra
modi suit,33,modi
kalakari kurta,33,kalakari
sambalpuri kurti for women,33,sambalpuri
google men,32,google
catalog,32,catalog
rattiman,32,rattiman
nayra kurti set,32,nayra
mmtc 2gm gold coin,32,mmtc
amul macho underwear,32,macho
meena bazar kurta set,31,bazar
nayra dress,31,nayra
morphy richards trimmer,31,morphy
mmtc coin,31,mmtc
victori one,31,victori
downshifter 13 men,31,downshifter
jawline,31,jawline
hairclips,31,hairclips
morphy richards,30,morphy
karagiri,30,karagiri
john ellis,30,ellis
triveni saree,30,triveni
zebronics soundbar,30,zebronics
meena bazar sarees,30,bazar
nike downshifter running shoes,30,downshifter
rcb virat jersey,30,virat
mama earth ubtan face wash,30,ubtan
jio bharat,29,bharat
mmtc gold bar,29,mmtc
neerus kurta sets,29,neerus
nike downshifter 12 shoes,29,downshifter
modi court,29,modi
nike downshifter 13 women,29,downshifter
strobe cream faces canada,29,strobe
macho under wear,29,macho
kalakari,29,kalakari
zebronics sound bar,28,zebronics
reebok zig dynamica,28,dynamica
ubtan,28,ubtan
macho underwear for men,28,macho
nayra kurta set,28,nayra
modi jaket,28,modi
adidas cloudfoam shoes,28,cloudfoam
zebronics headphone,28,zebronics
inddus dress,28,inddus
inddus saree,28,inddus
puma milenio tech,27,milenio
bambi,27,bambi
vomero nike,27,vomero
kylie cosmetics,27,kylie
masala container,27,masala
neerus women,27,neerus
downshifter shoes,27,downshifter
rcb jersey virat,27,virat
moda rapido shirt,27,rapido
citizen tsuyosa,26,tsuyosa
isro tshirt,26,isro
macho vest,26,macho
inddus for women,25,inddus
inddus kurta sets,25,inddus
kylie,25,kylie
lakme strobe cream,25,strobe
cloudfoam shoes,25,cloudfoam
sambalpuri pata,25,sambalpuri
inddus women,25,inddus
xpdtn,25,xpdtn
sambalpuri silk saree,25,sambalpuri
nike vomero 16,25,vomero
nayra cut kurtis,25,nayra
downshifter men,25,downshifter
dot and key strobe cream,25,strobe
mbz by meena bazar,24,bazar
sketchers bobs,24,bobs
nayra suit for women,24,nayra
modi kurta,24,modi
neerus kurta set,24,neerus
sambalpuri printed sarees for women,24,sambalpuri
bittu bag,24,bittu
vinay,23,vinay
moda rapido jeans,23,rapido
women google,23,google
swisni,23,swisni
kraasa,23,kraasa
nayra cut kurti set,23,nayra
panch,23,panch
nayra cut suit for women,23,nayra
herbal essences,23,essences
inddus kurta set for women,23,inddus
macho sporto,23,macho
moda rapido shirts,23,rapido
men downshifter 13,22,downshifter
nike downshifter 12 running shoes,22,downshifter
nike victori one slide,22,victori
muzigae,22,muzigae
nayra set,22,nayra
adidas cloudfoam go,22,cloudfoam
modi koti,22,modi
ajmal mizyaan,22,mizyaan
men google,22,google
bitz,22,bitz
akhand diya,22,akhand
haru haru wonder,22,haru
haru haru wonder,22,haru
home sizzler,22,sizzler
haru haru wonder,22,haru
haru haru wonder,22,haru
google pixel watch,22,google
easies,22,easies
downshifter 13 running shoes,22,downshifter
dnmx xpdtn shirt,22,xpdtn
sambalpuri shirt for men,22,sambalpuri
sambalpuri patta saree,22,sambalpuri
ny bae strobe cream,22,strobe
nike downshifter shoe,21,downshifter
virat kohli jersy,21,virat
cotton chaniya choli,21,chaniya
mens coolers,21,coolers
neerus women dresses,21,neerus
geroo jaipur,21,geroo
zebronics earphones,21,zebronics
adidas xplrboost,21,xplrboost
sambalpuri dupatta,21,sambalpuri
smart bazar,21,bazar
virat kohli jersy,21,kohli
nike for men downshifter,21,downshifter
melatonin,21,melatonin
macho hint,21,macho
macho baniyan,21,macho
mmtc silver bar,20,mmtc
nike downshifter 10,20,downshifter
kalakari tops,20,kalakari
isro t shirt,20,isro
dnmx xpdtn shirts,20,xpdtn
google play,20,google
macho innerwear,20,macho
nayra cut suits,20,nayra
nazar battu,20,battu
wedding chaniya choli,20,chaniya
masala dani,20,masala
yk x tinyo,20,tinyo
insight lipliner,19,lipliner
sambalpuri rekha maniyar sarees for women,19,sambalpuri
lakme lipliner,19,lipliner
kohli,19,kohli
virat kohli shirt,19,kohli
virat kohli shirt,19,virat
puma rickie sneakers,19,rickie
google pixel phone,19,google
wisal dhahab,19,dhahab
black google,19,google
terquois,19,terquois
nayra suits,19,nayra
dazzel,19,dazzel
ekana,19,ekana
faber,19,faber
fur jaden bagpack,19,jaden
google pixel 9,19,google
google watch,19,google
cloudfoam adidas,19,cloudfoam
moda rapido tshirt,19,rapido
girls chaniya choli,19,chaniya
punjabi chura,18,chura
neerus kurtas,18,neerus
downshifter 14,18,downshifter
icecream mould,18,icecream
wooden mandir,18,mandir
icecream bowl,18,icecream
pagdi for men,18,pagdi
nike vomero shoes,18,vomero
nike men downshifter 13 shoes,18,downshifter
karagiri saree,18,karagiri
mmtc gold coins in,18,mmtc
women chaniya choli,18,chaniya
virat tshirt,18,virat
virat t shirt,18,virat
virat kholi,18,virat
brown lipliner,18,lipliner
mens google,18,google
mcfarlane,18,mcfarlane
macho trunk,18,macho
kohli jersey,18,kohli
profoam,17,profoam
starwars,17,starwars
google phone,17,google
nike downshifter 13 men running shoes,17,downshifter
sambalpuri dress for women,17,sambalpuri
adidas men cloudfoam,17,cloudfoam
so true strobe cream,17,strobe
claura nighty,17,claura
underwear macho,17,macho
vinay fashion,17,vinay
virat kohli jersey rcb,17,kohli
virat kohli jersey rcb,17,virat
idli steamer,17,idli
popcat,17,popcat
kids chaniya choli,17,chaniya
zebronics headset,17,zebronics
puma profoam shoes,17,profoam
mina bazar,17,bazar
qazmi kurti,17,qazmi
dupatta bazar,17,bazar
face canada strobe cream,17,strobe
google pixel 6a back cover,17,google
mmtc silver coins,17,mmtc
sambalpuri cotton sarees,16,sambalpuri
rcb virat kohli,16,kohli
magnifying glass,16,magnifying
auserio,16,auserio
asics fuzor,16,fuzor
ajmal wisal dhahab,16,dhahab
meena bazar suit set,16,bazar
zebronics earphone,16,zebronics
nestasia bottle,16,nestasia
virat kohli rcb,16,virat
inddus dresses,16,inddus
idli mekar,16,idli
dnmx xptdn,16,xptdn
ohuhu markers,16,ohuhu
nybea strobe cream,16,strobe
nike women downshifter,16,downshifter
nike vomero 15,16,vomero
rcb virat kohli,16,virat
nayra women,16,nayra
modi jacket men,16,modi
modi bandi,16,modi
mmtc pamp gold,16,mmtc
chura for women,16,chura
chaniya choli for kids,16,chaniya
virat rcb jersey,16,virat
xylys watch,16,xylys
virat kohli rcb,16,kohli
virat kohli cap,16,virat
virat kohli cap,16,kohli
virat jersy,16,virat
vaste,16,vaste
strobe creame,16,strobe
google pixel 8,16,google
sambalpuri kurti set,16,sambalpuri
little leapers,15,leapers
kids google,15,google
kalakari lehanga,15,kalakari
virat cap,15,virat
vomero 16,15,vomero
chaniya choli women,15,chaniya
chaniya chori,15,chaniya
claura dress for women,15,claura
good vibes ubtan night cream,15,ubtan
stylee,15,stylee
sunrisers hyderabad tshirt,15,sunrisers
monkstory shoes,15,monkstory
modestouze attires for women,15,modestouze
firangi yarn,15,firangi
mini coolers,15,coolers
duppata bazar,15,bazar
pac strobe cream,15,strobe
nike downshifter shoes men,15,downshifter
nike downshifter 7,15,downshifter
puma milenio tech sneakers,15,milenio
bobs,15,bobs
home mandir,15,mandir
downshifter 13 shoe,15,downshifter
downshifter 13 for men,15,downshifter
dharwad cotton saree,15,dharwad
sambalpuri pure cotton saree,15,sambalpuri
nestasia glass,15,nestasia
dharwad cotton,14,dharwad
faces canada strobe cream rose gold,14,strobe
dogtag,14,dogtag
downshifter nike shoes,14,downshifter
faber castel,14,faber
sunrisers t shirt,14,sunrisers
fastrack google,14,google
flexfocus lite better running shoes,14,flexfocus
zebronics mouse,14,zebronics
google pixel mobile,14,google
google women,14,google
gracit,14,gracit
bazar,14,bazar
adidas speedportal,14,speedportal
arrow autopress,14,autopress
triveni sarees,14,triveni
kalakari blouse,14,kalakari
sambalpuri dress piece,14,sambalpuri
sambalpuri kurta for men,14,sambalpuri
sambalpuri saree for women,14,sambalpuri
sambalpuri women sarees,14,sambalpuri
fur jaden duffle bag,14,jaden
macho trunks,14,macho
macho sports,14,macho
royal rajgharana sarees silk women sarees,14,rajgharana
coolers men,14,coolers
dark academia,14,academia
cushion fillers,14,fillers
cotton sambalpuri saree,14,sambalpuri
nike downshifter 9,14,downshifter
men downshifter,14,downshifter
moda rapido t shirt,14,rapido
silver mmtc,14,mmtc
modi cort,14,modi
inddus plus,14,inddus
inara for men,14,inara
puella,14,puella
mmtc 2gm,13,mmtc
qazmi kurta,13,qazmi
puma flexfocus lite,13,flexfocus
nike windrunner,13,windrunner
nike vomero women,13,vomero
nike vomero men,13,vomero
nike downshifter 3,13,downshifter
nike downshifter 13 mens,13,downshifter
mmtc pendant,13,mmtc
mens modi jacket,13,modi
meena bazar sari,13,bazar
indiclub men relaxed fit pleated trousers,13,indiclub
faiza,13,faiza
fivesleev t shirt,13,fivesleev
sambalpuri cotton,13,sambalpuri
sambalpuri handloom saree,13,sambalpuri
appe,13,appe
perry ellis,13,ellis
roja,13,roja
sunrisers tshirt,13,sunrisers
mandir decoration,13,mandir
virat kohli brand,13,virat
virat kohli brand,13,kohli
victori slides,13,victori
claura dresses for women,13,claura
chaniya choli for navratri,13,chaniya
chaniya choli for girl,13,chaniya
groom pagdi,13,pagdi
google pixel 8a cover,13,google
good vibes ubtan,13,ubtan
adidas cloudfoam go lounger,13,cloudfoam
kulfi mould,13,kulfi
sheglam lipliner,13,lipliner
saree sambalpuri,13,sambalpuri
silver coin mmtc,13,mmtc
zebronics speakers,13,zebronics
zebronics earbuds,13,zebronics
morphy richard,13,morphy
morphy,13,morphy
moda rapido kurta set,13,rapido
volvo,12,volvo
xylys watches,12,xylys
ubtan powder,12,ubtan
wedding pagdi,12,pagdi
zig dynamica,12,dynamica
sunrisers hyderabad t shirt,12,sunrisers
zebronics bluetooth speaker,12,zebronics
Air jordans,0,jordans
