MistakeQueries,CorrectedQueries,EditDistance
casul shoes,casual shoes,1
sndals,sandals,1
shorts 3/4ts,shorts 3/4ths,2
leggins,leggings,1
dres material,dress material,1
skirtz,skirts,1
nightshirts nites,nightshirts nighties,2
kurta st,kurta set,1
flt shoes,flat shoes,1
bakpack,backpack,1
avasa kurta,avaasa kurta,1
sarees for wmen,sarees for women,1
avsa,avasa,1
mn shirt,men shirt,1
jacket for mn,jacket for men,1
netplay for mn,netplay for men,1
curtains acessories,curtains accessories,1
puma shos men,puma shoes men,1
swetshirts,sweatshirts,1
aavasa kurti,aavasa kurtis,1
kurt for men,kurta for men,1
sweatshirts for womn,sweatshirts for women,1
bots for women,boots for women,1
jackets shugs,jackets shrugs,1
jeans jeggings for womn,jeans jeggings for women,1
hand bgs,hand bags,1
kids shos,kids shoes,1
puma shoes for womn,puma shoes for women,1
shoes for mn,shoes for men,1
red tape shos,red tape shoes,1
shoe for mnn,shoes for men,2
maternit dress,maternity dress,2
flat sandals for womn,flat sandals for women,1
white shoes for womn,white shoes for women,1
t shirt for bys,t-shirt for boys,2
kids drss,kids dress,1
boys sts,boys sets,1
jumpsut,jumpsuit,1
heeled sandals for womn,heeled sandals for women,1
addidas shos,adidas shoes,1
nike shoes mn,nike shoes men,1
men jackts,men jackets,1
men slipprs,men slippers,1
avsa,avasa,1
shawls wrapps,shawls wraps,1
lether shoes,leather shoes,1
caps for mn,caps for men,1
addidas,adidas,1
skechers,skechers,0
womens tp,women's top,1
party wear sare,party wear saree,1
shirt womn,shirt women,1
avaasa kurta for womn,avaasa kurta for women,1
jackets mn,jackets men,1
plazo,palazzo,1
red tape shoes for mn,red tape shoes for men,1
high rise jns,high rise jeans,1
foot wear for womn,footwear for women,2
sliper,slippers,1
women sarees,women sarees,0
cot,coat,1
net play shrt,netplay shirt,2
sare,saree,1
earrings for womn,earrings for women,1
lehnga,lehenga,1
sandl,sandal,1
check shirt for mn,check shirt for men,1
dresses and froks,dresses and frocks,1
louis philippe for mn,louis philippe for men,1
wallet for womn,wallet for women,1
wedgs,wedges,1
girls tps,girls tops,1
night lounge wear sts,night lounge wear sets,2
track suit for womn,tracksuit for women,2
formal tops for womn,formal tops for women,1
nike for womn,nike for women,1
women crop tp,women crop top,1
ajio for womn,ajio for women,1
siyahi kurtas for womn,siyahi kurtas for women,1
black dresses for womn,black dresses for women,1
short kurt,short kurta,1
inf frendz for infnts,inf friends for infants,2
white sare,white saree,1
cotton kurta st,cotton kurta set,1
american egle,american eagle,1
slipers,slippers,1
shoes for womn,shoes for women,1
women kurts,women kurtas,1
mens jogers,men's joggers,2
trackpants for mnn,trackpants for men,2
women hoodes,women hoodies,1
girls shors,girls shorts,1
biba kurtas for womn,biba kurtas for women,1
newborn babi,newborn baby,1
rings for womn,rings for women,1
pullver,pullover,1
red chief shos,red chief shoes,1
floral shits,floral shirts,1
women handbgs,women handbags,1
black tps,black tops,1
chappal for mn,chappals for men,1
muls,mules,1
buda jeans shos,buda jeans shoes,1
white t shirt for womn,white t-shirt for women,2
kalamkri,kalamkari,1
dnmx tshrt,dnmx t-shirt,2
net play shirts for mn,netplay shirts for men,2
tommy hilfigr,tommy hilfiger,1
kids pnts,kids pants,1
straight jeans for womn,straight jeans for women,1
hoodies mn,hoodies men,1
adidas tshirts for mn,adidas t-shirts for men,2
frok,frock,1
long t shirt for womn,long t-shirt for women,2
high waist jeans womn,high waist jeans women,2
tracks for womn,tracks for women,1
ajio for mn,ajio for men,1
hritik,hritika,1
jacket for grls,jacket for girls,1
aldo for womn,aldo for women,1
shorts 3/4ths for bys,shorts 3/4ths for boys,2
styli for womn,styli for women,1
rare rabbit shits,rare rabbit shirts,1
boots mn,boots men,1
kids dress for grls,kids dress for girls,1
blus,blouse,1
mens,men's,1
jacket for kds,jacket for kids,1
performax shors,performax shorts,1
uspolo shits,us polo shirts,1
nike t shrt,nike t-shirt,2
shoes campu,campus shoes,2
shirts for mnn,shirts for men,2
dnmx t shirts for mn,dnmx t-shirts for men,2
liberty for mnn,liberty for men,2
v neck kurta,v neck kurta,0
ishn,ishin,1
night dresses for womn,night dresses for women,1
aavasa sts,aavasa sets,1
t shirt for womn,t-shirt for women,2
transparent hees,transparent heels,1
yellow sarees for womn,yellow sarees for women,1
plazzo pnts,palazzo pants,2
grey jns,grey jeans,1
nike shoes for mn,nike shoes for men,1
newborn baby clths,newborn baby clothes,2
kitchen tls,kitchen tools,1
jeans for womn,jeans for women,1
dhuni for womn,dhuni for women,1
chappals for mn,chappals for men,1
men cotton tshirts,men cotton t-shirts,1
padded brs,padded bras,1
rio grl,rio girl,1
net sarees for womn,net sarees for women,1
sunglass,sunglasses,1
mens chinos,men's chinos,1
short kurti womn,short kurti women,1
cotton froks,cotton frocks,1
boyfriend jeans for womn,boyfriend jeans for women,1
shirt for mn,shirt for men,1
printed tshrt,printed t-shirt,2
fig tshirts for womn,fig t-shirts for women,2
skirt womn,skirt women,1
pakistani suts,pakistani suits,1
air jordn,air jordan,1
kids girl drss,kids girl dress,1
nike sports shos,nike sports shoes,1
chappals for womn,chappals for women,1
party dresses for womn,party dresses for women,1
seamless pnties,seamless panties,1
slip on shoes womn,slip on shoes women,1
chappls,chappals,1
sets for bys,sets for boys,2
lehenga for grls,lehenga for girls,1
women pnties,women panties,1
pencil skrt,pencil skirt,1
mini dress for womn,mini dress for women,1
adidas men tshirts,adidas men's t-shirts,2
shirt netpl,shirt netplay,1
women plazzo,women palazzo,1
scarvs,scarves,1
baggit wallets for womn,baggit wallets for women,1
winter kurt,winter kurta,1
men sweatshirts,men sweatshirts,0
kurta under 500,kurta under 500,0
pink dresses for womn,pink dresses for women,1
men blt,men belt,1
reebok shoes mn,reebok shoes men,1
underwear tp,underwear top,1
crop t shirts for womn,crop t-shirts for women,2
womens tshirts,women's t-shirts,1
jens for mn,jeans for men,1
trousr,trousers,1
stitched sare,stitched saree,1
party tps,party tops,1
baggit bg,baggit bag,1
skechers mn,skechers men,1
blue sare,blue saree,1
women white snkers,women white sneakers,2
mini drss,mini dress,1
jockey bras for womn,jockey bras for women,1
black kurta st,black kurta set,1
maxi gwn,maxi gown,1
pink drss,pink dress,1
avasa kurti for womn,avasa kurti for women,1
green sarees for womn,green sarees for women,1
infants tshirts,infants t-shirts,1
nike jaket,nike jacket,1
maxi dresses womn,maxi dresses women,1
netpl,netplay,1
feeding nghty,feeding nighty,2
tops for kds,tops for kids,1
torn jeans mn,torn jeans men,1
men brifs,men briefs,1
ntwrk,network,1
girls fit and flre,girls fit and flare,1
suit salwr,suit salwar,1
plazzo st,palazzo set,1
frocks for infnts,frocks for infants,1
feeding br,feeding bra,1
women footwar,women footwear,1
graphic tshrt,graphic t-shirt,2
organza sare,organza saree,1
chains for mn,chains for men,1
nike black shos,nike black shoes,1
styli dresses for womn,styli dresses for women,1
kuber indstries,kuber industries,1
dhotis for mn,dhotis for men,1
red tape men shos,red tape men shoes,1
avasa plzo,avasa palazzo,2
orchid blues for womn,orchid blues for women,1
men vsts,men vests,1
turtle neck sweter,turtle neck sweater,1
frisbe,frisbee,1
fit and flare drss,fit and flare dress,1
black drsses,black dresses,1
maternity nghty,maternity nighty,2
puma slidr,puma sliders,1
mufflr,muffler,1
adidas shoes for mn,adidas shoes for men,1
black kurta set for womn,black kurta set for women,1
kg frends,kg friends,1
max drss,maxi dress,1
caprese for womn,caprese for women,1
srishti kurt,srishti kurta,1
white crop tps,white crop tops,1
women sport shos,women sports shoes,1
yoga mt,yoga mat,1
western wear for grls,western wear for girls,1
puffer for womn,puffer for women,1
jakt,jacket,1
hi attitude for womn,hi attitude for women,1
innerwear for womn,innerwear for women,1
john player shits,john player shirts,1
crew neck tshrt,crew neck t-shirt,2
redtape sports shos,red tape sports shoes,1
adidas t shrt,adidas t-shirt,2
white t shits,white t-shirts,2
long shrug for womn,long shrug for women,1
air shos,air shoes,1
nike cort,nike court,1
women sandls,women sandals,1
peplm,peplum,1
green earings,green earrings,1
mom fit jeans for womn,mom fit jeans for women,1
playdy,playday,1
baby soks,baby socks,1
levi jaket,levi's jacket,2
pants top sets for grls,pants top sets for girls,1
women short kurti,women short kurti,0
maternity dress for womn,maternity dress for women,1
ethnic skrts,ethnic skirts,1
one peice,one piece,1
blackberry,blackberrys,1
pregnancy drss,pregnancy dress,1
white kurth,white kurti,1
corduroy,corduroy,0
night pants for bys,night pants for boys,2
long jackets for womn,long jackets for women,1
boot cut jns,boot cut jeans,1
baby girl shors,baby girl shorts,1
nightspree for womn,nightspree for women,1
american eagle jns,american eagle jeans,1
trackpant for mn,trackpants for men,2
air jordan shos,air jordan shoes,1
melange kurt,melange kurta,1
bottom for womn,bottom for women,1
pink blus,pink blouse,1
redtape shoes womn,red tape shoes women,2
women blous,women blouses,1
max kurt,maxi kurta,1
men loafr,men loafers,1
guess for womn,guess for women,1
tshirt with pockt,t-shirt with pocket,2
mens innerwar,men's innerwear,2
gap jeans for mn,gap jeans for men,1
campus shoes for mn,campus shoes for men,1
spykar tshirts for mn,spykar t-shirts for men,2
cotton men shirts,cotton men's shirts,1
cristofano for mn,cristofano for men,1
avasa sts,avasa sets,1
floral prnt,floral print,1
party wear womn,party wear women,1
lower for grls,lower for girls,1
mothercare for grls,mothercare for girls,1
crop hoodi,crop hoodie,1
nike slippr,nike slippers,1
lavie bg,lavie bag,1
party wear dress womn,party wear dress women,1
disney for mn,disney for men,1
black leggings for womn,black leggings for women,1
adidas t shits,adidas t-shirts,2
tommy hilfiger bg,tommy hilfiger bag,1
party wear top for womn,party wear top for women,1
gas tshirts for mn,gas t-shirts for men,2
indya kurtas for womn,indya kurtas for women,1
performax tshrt,performax t-shirt,2
buda snakers,buda sneakers,1
co ord sets womn,co-ord sets women,2
v neck t shits,v neck t-shirts,2
casio vintag,casio vintage,1
v neck tops for womn,v neck tops for women,1
max drsses,maxi dresses,1
kids night sut,kids night suit,1
woman sare,women saree,1
pants womn,pants women,1
mens cargos,men's cargo pants,1
linen pants for mn,linen pants for men,1
baby boy shos,baby boy shoes,1
laptop bakpack,laptop backpack,1
aavasa kurta st,aavasa kurta set,1
dnmx jaket,dnmx jacket,1
blue kurt,blue kurta,1
leather slippers for mn,leather slippers for men,1
dresses for womn,dresses for women,1
undergarmnts,undergarments,1
jeans pants for mn,jeans pants for men,1
transparent hees,transparent heels,1
women t shits,women t-shirts,2
shirt for grls,shirt for girls,1
sharara suts,sharara suits,1
siyahi kurts,siyahi kurtis,1
nike air zm,nike air zoom,1
kurti avas,kurti avasa,1
bear house shirt for mn,bear house shirt for men,1
anarkali set for womn,anarkali set for women,1
loose fit jns,loose fit jeans,1
puma motorsport shos,puma motorsport shoes,1
sleeveless t shits,sleeveless t-shirts,2
dnmx t shirt womn,dnmx t-shirt women,2
polka dot drss,polka dot dress,1
trendy tops for womn,trendy tops for women,1
fabindia kurtas for womn,fabindia kurtas for women,1
black jeggings forwomn,black jeggings for women,2
white skirts for womn,white skirts for women,1
off white sare,off white saree,1
spaghett,spaghetti straps,2
mens boxrs,men's boxers,1
one piece for womn,one piece for women,1
women mulss,women mules,1
casual top for womn,casual top for women,1
tshirts for womens,t-shirts for women,2
red tape shoes for mn,red tape shoes for men,1
converse shos,converse shoes,1
coat pnt,coat pant,1
sports shoes for grls,sports shoes for girls,1
matha pati,matha patti,1
tistabene men shirts,tistabene men's shirts,2
square neck top for womn,square neck top for women,1
women office wer,women office wear,1
performax t shirt for mn,performax t-shirt for men,2
ballerinas for womn,ballerinas for women,1
shatrnj,shatranj,1
baby rompr,baby romper,1
tommy hilfiger shits,tommy hilfiger shirts,1
black jogrs,black joggers,1
sare,saree,1
tops by fg,tops by fig,1
bagpacks for mn,backpacks for men,2
walking shoes womn,walking shoes women,1
tops for skrts,tops for skirts,1
soch kurts,soch kurtas,1
lee cooper tshirts for mn,lee cooper t-shirts for men,2
stellrs,stellers,1
office wear tps,office wear tops,1
loose t shirt for womn,loose t-shirt for women,2
shoetopia for grls,shoetopia for girls,1
feeding dress for womn,feeding dress for women,1
kerchif,kerchief,1
cord sts,co-ord sets,1
avaasa anarkli,avaasa anarkali,1
fusion kurta for womn,fusion kurta for women,1
ecko for mn,ecko for men,1
styli for mn,styli for men,1
jaket for womn,jacket for women,2
wall stikers,wall stickers,1
watch acessories,watch accessories,1
women jns,women jeans,1
nike court legcy,nike court legacy,1
puma sandl,puma sandals,1
thermal wear for mn,thermal wear for men,1
western gown for womn,western gown for women,1
hummel for mn,hummel for men,1
puma slippers for womn,puma slippers for women,1
matress,mattress,1
mens chappls,men's chappals,1
luggage bg,luggage bag,1
redtape men shos,red tape men shoes,1
black jns,black jeans,1
performax shorts for mn,performax shorts for men,1
kurtis for womn,kurtis for women,1
green blus,green blouse,1
ankle leggings for womn,ankle leggings for women,1
tees for mn,tees for men,1
v neck tshirt for womn,v neck t-shirt for women,2
boys trousers,boys trousers,1
long coats womn,long coats women,1
disney for bys,disney for boys,2
track for mn,tracks for men,1
kurta tp,kurta top,1
leather shos,leather shoes,1
us polo jacket mn,us polo jacket men,1
ankle jeans for mn,ankle jeans for men,1
adidas ultraboos,adidas ultraboost,1
avaasa kurta for womn,avaasa kurta for women,1
ankle jns,ankle jeans,1
styli tops for womn,styli tops for women,1
lee cooper tops for womn,lee cooper tops for women,1
eyebogler for mn,eyebogler for men,1
green kurta set for womn,green kurta set for women,1
dnmx shirt for bys,dnmx shirt for boys,2
polo tshirt for womn,polo t-shirt for women,2
girls lwer,girls lower,1
women cotton pnts,women cotton pants,1
white shirts mn,white shirts men,1
dhuni by avasa for womn,dhuni by avasa for women,1
campus slipprs,campus slippers,1
shos,shoes,1
fridge covr,fridge cover,1
columbia for mn,columbia for men,1
shimmer drss,shimmer dress,1
wishfl,wishful,1
jumpers for mn,jumpers for men,1
mavi for mn,mavi for men,1
john players jns,john players jeans,1
ankle length jeans mn,ankle length jeans men,1
men shoes pum,men shoes puma,1
superdry jacket for mn,superdry jacket for men,1
jockey shorts for mn,jockey shorts for men,1
shrug womn,shrug women,1
kastnr,kastner,1
anarklis,anarkalis,1
cord sets for womn,co-ord sets for women,2
code by lifestyle for mn,code by lifestyle for men,1
red tape jakets,red tape jackets,1
kurta pajma,kurta pajama,1
women party drss,women party dress,1
sport tshrt,sport t-shirt,2
t shirts womn,t-shirts women,2
mesh tp,mesh top,1
women botms,women bottoms,1
reversibl,reversible,1
blouse tops for womn,blouse tops for women,1
inf frends,inf friends,1
antix for infnts,antix for infants,1
heels for grls,heels for girls,1
siyahi kurt,siyahi kurti,1
cotton jaket,cotton jacket,1
women bots,women boots,1
hardsod,hardsoda,1
kuchipo,kuchipoo,1
dresses by fg,dresses by fig,1
lower for kds,lower for kids,1
lehenga st,lehenga set,1
the dry stat,the dry state,1
lowers womn,lowers women,1
floral skrt,floral skirt,1
womens slipprs,women's slippers,1
ginger drss,ginger dress,1
kurtas kurtis for grls,kurtas kurtis for girls,1
straight fit pnts,straight fit pants,1
puma motorsprts,puma motorsports,1
fusion kurt,fusion kurti,1
halter nek,halter neck,1
kate spade for womn,kate spade for women,1
netplay shirts mn,netplay shirts men,1
gini jony for bys,gini jony for boys,2
mandarin collar shrt,mandarin collar shirt,1
crocs for bys,crocs for boys,2
avaasa straight kurts,avaasa straight kurtas,1
red men shirts,red men's shirts,1
black dupattas for womn,black dupattas for women,1
performax t shits,performax t-shirts,2
green leggings for womn,green leggings for women,1
nike hoodis,nike hoodies,1
kurta suit st,kurta suit set,1
anarkali kurtis for womn,anarkali kurtis for women,1
baby tshirts,baby t-shirts,1
embroidered tps,embroidered tops,1
v neck drsses,v neck dresses,1
lighting for home ktchen,lighting for home kitchen,1
women co ord sts,women co-ord sets,2
gold ring for mn,gold ring for men,1
wedding dresses for womn,wedding dresses for women,1
cowl nek,cowl neck,1
formal blt,formal belt,1
raymond men shirts,raymond men's shirts,1
woodland shos,woodland shoes,1
kappa men tshirts,kappa men's t-shirts,1
puma jackets mn,puma jackets men,1
shirts for infnts,shirts for infants,1
baggy jeans mn,baggy jeans men,1
kids sts,kids sets,1
velvet kurta st,velvet kurta set,1
pendnt,pendant,1
jeggings for womn,jeggings for women,1
polo neck tshrt,polo neck t-shirt,2
infant frk,infant frock,1
army shrt,army shirt,1
yellow men shirts,yellow men's shirts,1
layered kurt,layered kurti,1
aawasa kurt,aawasa kurti,1
girls western wer,girls western wear,1
jacket for grl,jacket for girl,1
baby dol,baby doll,1
true religion for mn,true religion for men,1
campus shoes for mn,campus shoes for men,1
nike jogrs,nike joggers,1
court vison,court vision,1
sleepers womn,sleepers women,1
the souled store for mn,the souled store for men,1
skechers shoes for bys,skechers shoes for boys,2
levis sweatshrt,levi's sweatshirt,2
boys round nck,boys round neck,1
mens trackpnts,men's trackpants,2
beach drss,beach dress,1
jeans shorts for grls,jeans shorts for girls,1
avasa leggins,avasa leggings,1
crocs sandals for bys,crocs sandals for boys,2
status quo for mn,status quo for men,1
fig t shirts for womn,fig t-shirts for women,2
bata sandls,bata sandals,1
dnmx pnts,dnmx pants,1
short pants for mn,short pants for men,1
sportswear mn,sportswear men,1
fig sweter,fig sweater,1
white dress womn,white dress women,1
leggins,leggings,1
blazr,blazer,1
palazzo pants for womn,palazzo pants for women,1
gym cloths,gym clothes,1
nightshits,nightshirts,1
long gwns,long gowns,1
ethnic wer,ethnic wear,1
women tops tunic,women tops tunics,1
womens sweaters,women's sweaters,1
gloves for mn,gloves for men,1
biba sts,biba sets,1
loose pants for womn,loose pants for women,1
choli for womn,choli for women,1
laundry baskt,laundry basket,1
skechers slids,skechers slides,1
biba kurta set for womn,biba kurta set for women,1
women white kurt,women white kurta,1
capri for mn,capri for men,1
kurta womn,kurta women,1
avaasa plaz,avaasa palazzo,1
red men tshirts,red men's t-shirts,1
white snkers,white sneakers,1
cigarette pnts,cigarette pants,1
men cargo jogrs,men cargo joggers,1
women purs,women purses,1
tommy blt,tommy belt,1
marc jacobs for womn,marc jacobs for women,1
kids boy shrt,kids boy shirt,1
boys sweters,boys sweaters,1
performax jakets,performax jackets,1
zink london tps,zink london tops,1
women kurta under 300,women kurta under 300,0
kids sweatshrts,kids sweatshirts,1
eyeshadow palett,eyeshadow palette,1
winter top for womn,winter top for women,1
van heusen jns,van heusen jeans,1
sweatshirts womn,sweatshirts women,1
latest sarres,latest sarees,1
tote bag womn,tote bag women,1
night wear st,night wear set,1
black cot,black coat,1
tommy shits,tommy shirts,1
kurta with plaz,kurta with palazzo,1
vincent chse,vincent chase,1
wedges womn,wedges women,1
metro sandals for mn,metro sandals for men,1
infant sweter,infant sweater,1
lp jns,lp jeans,1
fcuk for mn,fcuk for men,1
john players tshrt,john players t-shirt,2
printed tshirt for womn,printed t-shirt for women,2
fila sandls,fila sandals,1
performax mn,performax men,1
short necklaces for womn,short necklaces for women,1
jockey underwear mn,jockey underwear men,1
avasa st,avasa set,1
palazzo kurta st,palazzo kurta set,1
loose t shits,loose t-shirts,2
puma women tshirts,puma women's t-shirts,1
timex watches for mn,timex watches for men,1
house of pataud,house of pataudi,1
dnmx jeans for womn,dnmx jeans for women,1
white shoes womn,white shoes women,1
us polo snakers,us polo sneakers,1
black hoodie for mn,black hoodie for men,1
sport jaket,sport jacket,1
rugged jns,rugged jeans,1
rose gold chn,rose gold chain,1
black check shrt,black check shirt,1
gap grls,gap girls,1
high tps,high tops,1
jack and jones snakers,jack and jones sneakers,1
arbunore shoes for mn,arbunore shoes for men,1
women cotton drsses,women cotton dresses,1
tshirt for infnts,t-shirt for infants,2
swetshirts,sweatshirts,1
shaye for womn,shaye for women,1
okan,okane,1
womens frok,women's frock,1
men full sleeve tshrt,men's full sleeve t-shirt,2
levis for womn,levi's for women,2
loafers for mn,loafers for men,1
shorts for grls,shorts for girls,1
full sleeve kurt,full sleeve kurta,1
siyahi tunic,siyahi tunics,1
kami kubi for womn,kami kubi for women,1
girls hoodis,girls hoodies,1
leather casual shos,leather casual shoes,1
black jakets,black jackets,1
angrakh,angrakha,1
ajio kurt,ajio kurti,1
lehnga,lehenga,1
avaasa green kurt,avaasa green kurta,1
anarkali dress for womn,anarkali dress for women,1
bond st,bond street,1
long tshrt,long t-shirt,2
network men shirts,network men's shirts,1
convers,converse,1
kanchipuram sare,kanchipuram saree,1
netplay chinos,netplay chinos,0
two piece st,two piece set,1
kurti avas,kurti avasa,1
women sports shos,women sports shoes,1
fig padded br,fig padded bra,1
boots for bys,boots for boys,2
fila tshirts for mn,fila t-shirts for men,2
sweet shrt,sweet shirt,1
olive shirts for mn,olive shirts for men,1
short jacket for womn,short jacket for women,1
western tops for womn,western tops for women,1
men chn,men's chain,1
pajama st,pajama set,1
styl,styli,1
silk cotton sare,silk cotton sarees,1
avasa kurts,avasa kurtis,1
blue jeans for womn,blue jeans for women,1
ziva fashion for womn,ziva fashion for women,1
w kurt,w kurta,1
safety shoes for mn,safety shoes for men,1
avasa straight kurt,avasa straight kurta,1
jeans skirt for womn,jeans skirt for women,1
camisole for womn,camisole for women,1
kurt,kurti,1
aavasa leggs,aavasa leggings,1
adidas men shoes,adidas men's shoes,1
cigarette pants for womn,cigarette pants for women,1
navy blue trourser,navy blue trousers,1
dolce crudo fo women,dolce crudo for women,1
red tape slipprs,red tape slippers,1
blackbery jacket,blackberry jacket,1
velve kurti,velvet kurti,1
blackbery blazr,blackberry blazer,2
dow jacket,down jacket,1
kurti wih shrug,kurti with shrug,1
women' sweater,women's sweater,1
bby dress,baby dress,1
kds track pants,kids track pants,1
abrs shoes for men,abros shoes for men,1
treny sarees,trendy sarees,1
asian fo women,asian for women,1
girls pantes bloomers,girls panties bloomers,1
pin leggings,pink leggings,1
superdr jeans for men,superdry jeans for men,1
men's blak shirts,men's black shirts,1
cotton palazo,cotton palazzo,1
wit dupatta,with dupatta,1
weddng gown for women,wedding gown for women,1
t-shirts fo junior girls,t-shirts for junior girls,1
indie picks topss,indie picks tops,1
trendyol jeanss,trendyol jeans,1
amante fr women,amante for women,1
crep dresses for wonen,crepe dresses for women,1
tommy hilfigr t-shirt,tommy hilfiger t-shirt,1
bag wallets,bags wallets,1
allen soly shirts men,allen solly shirts men,1
kurtis belw 400,kurtis below 400,1
team spirit trackpnts,team spirit trackpants,1
shorts 3/4ths fo women,shorts 3/4ths for women,1
levi's me shirt,levi's men shirt,1
colar t-shirts,collar t-shirts,1
glamrot,glamroot,1
red one piee,red one piece,1
iner men,inner men,1
3l shirts,3xl shirts,1
maybellie lipstick,maybelline lipstick,1
jeans jackets fo men,jeans jackets for men,1
mii bag,mini bag,1
vero mod jackets,vero moda jackets,1
ethnnic kurtis,ethnic kurtis,1
performax lowrs for men,performax lowers for men,1
converse all sta,converse all star,1
oxollox fo women,oxolloxo for women,1
puma black shos,puma black shoes,1
uspa shirt fo men,uspa shirt for men,1
kis sandals,kids sandals,1
ph poshakhb for women,ph poshakhub for women,1
single bed heets,single bed sheets,1
women's sweter,women's sweater,1
damensh,damensch,1
kura under 300,kurta under 300,1
wong,wrong,1
bgs for women,bags for women,1
brown forml shoes,brown formal shoes,1
earhones,earphones,1
avasa cotto kurti,avasa cotton kurti,1
avasa blue kuta,avaasa blue kurta,1
infan jacket,infant jacket,1
nick jons,nick jones,1
colar t-shirt,collar t-shirt,1
dnm t-shirt,dnmx t-shirt,1
nike flip flos for men,nike flip flops for men,1
nike spor bra,nike sports bra,1
levl for men,level for men,1
sherwni,sherwani,1
trackpnts for boys,trackpants for boys,1
tw piece set,two piece set,1
infants pnts,infants pants,1
ethnva,ethnava,1
sling bags baggit,sling bags baggit,1
yellow dupatt,yellow dupatta,1
women's sweatshits,women's sweatshirts,1
women denim jans,women denim jeans,1
uc t-shirts,ucb t-shirts,1
mx t-shirt,max t-shirt,1
kurti suits,kurti suits,1
decathlo shoes,decathlon shoes,1
yellow suit for womn,yellow suit for women,1
bikin top,bikini top,1
allen soly,allen solly,1
beige jeans fo women,beige jeans for women,1
roadster shirs men,roadster shirts men,1
black tighs,black tights,1
white straigt pants,white straight pants,1
women skirs ghagras,women skirts ghagras,1
maaesa fo women,maaesa for women,1
womn flats,women flats,1
black trouses for women,black trousers for women,1
baby girl pnts,baby girl pants,1
viscose shirs for men,viscose shirts for men,1
cotton froc for kids,cotton frock for kids,1
avasa st,avasa set,1
jaipur kurta,jaipuri kurta,1
dress st for women,dress set for women,1
dc shoes men's snakers,dc shoes men's sneakers,1
gey trousers,grey trousers,1
sweate women,sweater women,1
mandarin colar shirts,mandarin collar shirts,1
kg friends girs,kg friends girls,1
stylish dress,stylish dress,1
womn shirt dress,women shirt dress,1
graphic print t-shrt,graphic print t-shirt,1
blak necklace,black necklace,1
forml suit,formal suit,1
collar nek kurti,collar neck kurti,1
hodie women,hoodie women,1
asics slipper,asics slippers,1
ky holder,key holder,1
lng shoes for men,long shoes for men,1
kids girls jackt,kids girls jacket,1
full sleeve tos women,full sleeve tops women,1
jc,djc,1
grey jeans fr men,grey jeans for men,1
casual shirs,casual shirts,1
part dresses women,party dresses women,1
brooche pins,brooches pins,1
baby pink saee,baby pink saree,1
dnmx men's sorts,dnmx men's shorts,1
aavasa kurtas fo women,aavasa kurtas for women,1
chiffon kurtas fo women,chiffon kurtas for women,1
passport holder for men,passport holders for men,1
women iners,women inners,1
performax shoes fr men,performax shoes for men,1
brande jeans,branded jeans,1
guci shoes,gucci shoes,1
winter blaer for women,winter blazer for women,1
pone case,phone case,1
lip crayon fo women,lip crayon for women,1
long blazr for women,long blazer for women,1
kids jeans fo girls,kids jeans for girls,1
velvt suit set,velvet suit set,1
gown wih dupatta,gown with dupatta,1
onl jeans for women,only jeans for women,1
solid tps for women,solid tops for women,1
underwar,underwear,1
white shoes fr women,white shoes for women,1
cort,court,1
ladis panty,ladies panty,1
maternity kurts,maternity kurtis,1
bitterlme,bitterlime,1
celio men's t-shirs,celio men's t-shirts,1
tracsuit,tracksuit,1
lee cooper sorts,lee cooper shorts,1
shyla pajamas fo women,shyla pajamas for women,1
anarkal suit sets,anarkali suit sets,1
adidas t-shirts fo men,adidas t-shirts for men,1
lee cooper bys,lee cooper boys,1
shirt uner 500,shirt under 500,1
jeans fo girls,jeans for girls,1
embellishe footwear,embellished footwear,1
vans sneakers fo men,vans sneakers for men,1
miss chase dres,miss chase dress,1
glves,gloves,1
the beer hose,the beer house,1
women fig tops,women fig tops,1
avasa mix an match,avasa mix and match,1
nike leggings fo women,nike leggings for women,1
pol shirt for men,polo shirt for men,1
kuri set,kurti set,1
night wear sets fr womem,night wear sets for women,1
bys cap,boys cap,1
woodlan slides,woodland slides,1
formal black pants,formal black pants,1
capr for girls,capri for girls,1
puma men's t-shirs,puma men's t-shirts,1
avasa women's kuri,avasa women's kurti,1
dungares for boys,dungarees for boys,1
netplay t-shirt fo men,netplay t-shirt for men,1
black sweate for men,black sweater for men,1
inweve for women,inweave for women,1
ro shorts for women,rio shorts for women,1
tops wome's,tops women's,1
bron dresses for women,brown dresses for women,1
adidas sandls,adidas sandals,1
wap skirt,wrap skirt,1
car holder,card holder,1
men's sandas,men's sandals,1
infnt wear,infant wear,1
headphones fo tech,headphones for tech,1
women long jackts,women long jackets,1
mirch fashion,mirchi fashion,1
netplay trouser men,netplay trousers men,1
nay blue chinos,navy blue chinos,1
platorms,platforms,1
slipper for men,slippers for men,1
soh kurta sets,soch kurta sets,1
block print saee,block print saree,1
ladies wear,ladies wear,1
metro footwear wome,metro footwear women,1
jogger for men,joggers for men,1
chunky sneaker for men,chunky sneakers for men,1
double bedseet,double bedsheet,1
women's kurtis,women's kurtis,1
flared kurtis fo women,flared kurtis for women,1
women's trouser,women's trousers,1
linen cotton shirs,linen cotton shirts,1
linen shirts mn,linen shirts men,1
athea for women,athena for women,1
western wear fo women,western wear for women,1
brogues fo men,brogues for men,1
pink sare,pink sarees,1
sof throw,sofa throw,1
superdry short,superdry shorts,1
women kurta unde 500,women kurta under 500,1
ht for men,hat for men,1
sport leggins,sport leggings,1
allen solly shirts fo men,allen solly shirts for men,1
aavasa mix n match kura,aavasa mix n match kurta,1
graphic print t-shit,graphic print t-shirt,1
running sneakers fo men,running sneakers for men,1
flavido kurtas fo women,flavido kurtas for women,1
earrings st,earrings set,1
ga shirts for women,gap shirts for women,1
being human t-shirt,being human t-shirts,1
ladies chappa,ladies chappal,1
men cotton jans,men cotton jeans,1
boys innerwea sets,boys innerwear sets,1
a-line kurti,a-line kurti,1
kids shirts fo boys,kids shirts for boys,1
kurt dress,kurti dress,1
v neck t-shirts fo women,v neck t-shirts for women,1
jorda,jordan,1
women night short,women night shorts,1
gy pants women,gym pants women,1
women kurtis unde 300,women kurtis under 300,1
bok,book,1
kurta palazo sets,kurta palazzo sets,1
us polo jakets men,us polo jackets men,1
gy men,gym men,1
altheory shoes fo men,altheory shoes for men,1
asics men's sports shos,asics men's sports shoes,1
ethnnic sarees,ethnic sarees,1
dhun kurtis,dhuni kurtis,1
coach handbas,coach handbags,1
plan shirts,plain shirts,1
kids t-shirt fo girls,kids t-shirt for girls,1
black pants womn,black pants women,1
flat sandas women,flat sandals women,1
sneak a peek hells,sneak a peek heels,1
paola jewels fo women,paola jewels for women,1
sweaters fo womens,sweaters for women,1
underwear fo kids,underwear for kids,1
tp kids,top kids,1
white t-shirts wmen,white t-shirts women,1
party wear krtas,party wear kurtas,1
red tape shoes fo men,red tape shoes for men,1
htps,https,1
lng one piece,long one piece,1
men's sleeveles jacket,men's sleeveless jacket,1
aspor for women,aspora for women,1
fashin saree,fashion saree,1
under jeans fo men,under jeans for men,1
reebok men's sports shos,reebok men's sports shoes,1
afsaa,afsana,1
polo collar t-shir,polo collar t-shirt,1
puffer jacket fo boys,puffer jacket for boys,1
jackt boy,jacket boy,1
shirs under 400,shirts under 400,1
party wear tops fo womem,party wear tops for women,1
mother feedin dress,mother feeding dress,1
oversized t-shirt mens,oversized t-shirt men's,1
t-shits,t-shirts,1
formal shoes fr boys,formal shoes for boys,1
flt slippers,flat slippers,1
shirt kurtas fo women,shirt kurtas for women,1
febinda,febindia,1
resor shirt,resort shirt,1
tp fig,top fig,1
viscose tops fo women,viscose tops for women,1
brown pans for women,brown pants for women,1
blue kurta set fo women,blue kurta set for women,1
baby boy sets,baby boy sets,1
loafes shoes,loafers shoes,1
kb team spirit,kb team spirit,1
pink dresse,pink dresses,1
hr sho,hrx shoes,1
new model sare,new model sarees,1
woolen leggins,woolen leggings,1
ruffld top,ruffled top,1
high star jeans fo men,high star jeans for men,1
tops fo women,tops for women,1
shirts kids,shirts kids,1
loafers mn,loafers men,1
sports shoes fo girls,sports shoes for girls,1
adidas trackpnts,adidas trackpants,1
black kurtas,black kurtas,1
turtle neck sweates,turtle neck sweaters,1
sleeveles dress women,sleeveless dress women,1
red tape shoes,red tape shoes,1
bata chappas,bata chappals,1
kurtas belw 400,kurtas below 400,1
black suit sets fo men,black suit sets for men,1
levi's hoddie,levi's hoodie,1
knee length krta,knee length kurta,1
whit purse,white purse,1
men's ful t-shirt,men's full t-shirt,1
black jumpsit,black jumpsuit,1
adidas shoes fo women,adidas shoes for women,1
highlander jeans fo men,highlander jeans for men,1
deodorants body sprYs,deodorants body sprays,1
top wit skirt,top with skirt,1
shos for men,shoes for men,1
oxidized jewelr,oxidized jewelry,1
mulmu saree,mulmul saree,1
gift sets fo infants,gift sets for infants,1
uspa shoe,uspa shoes,1
killer men's t-shirs,killer men's t-shirts,1
casual trouser,casual trousers,1
kurtis fo women,kurtis for women,1
adidas tracksut,adidas tracksuit,1
king size bedshet,king size bedsheet,1
kids jeans fo boys,kids jeans for boys,1
brida lehenga,bridal lehenga,1
peple for men,people for men,1
rubbr band,rubber band,1
paithan saree,paithani saree,1
netplay shirts fr men,netplay shirts for men,1
kurta wit dupatta,kurta with dupatta,1
vero moda wome,vero moda women,1
outryt jeans fo women,outryt jeans for women,1
pepe jeans t-shir,pepe jeans t-shirt,1
loafers wome,loafers women,1
ruggers fo men,ruggers for men,1
spykr,spykar,1

